<?xml version="1.0" encoding="utf-8"?>
<ApplicationInstallerManifest>
   <DefaultInstallationDirectory>/Applications/Skandion/change_delimiter/</DefaultInstallationDirectory>
   <ApplicationName>change_delimiter</ApplicationName>
   <ExecutableName>application/change_delimiter.exe</ExecutableName>
   <GUID>cc65e8d7-e28f-4af3-99f5-03a101b689a0</GUID>
   <ApplicationIcon>default_icon_48.png</ApplicationIcon>
   <Logo>default_logo.png</Logo>
   <Version>1.0</Version>
   <AuthorOrganization>Skandion</AuthorOrganization>
   <Summary>changes the delimiter from tab to comma in opg files</Summary>
   <WelcomePanelText>change_delimiter 1.0
changes the delimiter from tab to comma in opg files
Johan Rensfeldt
johan.rensfeldt@gmail.com</WelcomePanelText>
   <MCRProducts>
      <MCRProduct>
         <ExternalProductIdentifier>35002</ExternalProductIdentifier>
      </MCRProduct>
      <MCRProduct>
         <ExternalProductIdentifier>35003</ExternalProductIdentifier>
      </MCRProduct>
      <MCRProduct>
         <ExternalProductIdentifier>35010</ExternalProductIdentifier>
      </MCRProduct>
   </MCRProducts>
</ApplicationInstallerManifest>